"n_selected","total_ev","total_cost","roi"
4,195.07212213495183,154.305,1.2641983223806865
